{
  "description": "Description is **formatted** as markdown.\n\nIt should also contain any processing which has been applied (if any),\n(e.g. corrupted example skipped, images cropped,...):",
  "fileFormat": "tfrecord",
  "location": {
    "urls": [
      "https://dataset-homepage/"
    ]
  },
  "moduleName": "donkeyset",
  "name": "donkeyset",
  "splits": [
    {
      "name": "train",
      "numBytes": "25077924",
      "shardLengths": [
        "100"
      ]
    }
  ],
  "version": "1.0.0"
}